image_filename,image_url
19a0af1230dd55a8a431d0b90bd68eee.jpg
1acce79997848b8d2ddddabd48b02982.jpg
2731375203dffa63a018219006bd9739.jpg
2a2b4839dab5376015e63ab7fbcbbf47.jpg
40d0898897c785465ddab09dff110bd2.jpg
41ef9279bba22338ddf37d4283117ec4.jpg
45e8d6db0f1732ee008e8d919f280862.jpg
4cd34b7926635f22a2d7d6d9092ba901.jpg
53f33bdd0d0ceb56c716b1a042af5204.jpg
6e68473be1596116af30a2769ced2519.jpg
7608108f752a4830eb0af3ed8d750798.jpg
7b98af406ca6bfe6300be4ef1838f3f6.jpg
7d91a65c24a22bc74ff306ad2f4696ac.jpg
7d923c9bea690299ed8795c29ad86fdf.jpg
94a06605d7a5b0921907f48c132b7b29.jpg
96177fa03fe45d105b833a9d9b919153.jpg
9b982c415458fc0d500a2ccd478d3270.jpg
9dd434a128dfb8a7b712dbc5d26445e6.jpg
a02df9edc367f24d90a086e7e919fe61.jpg
a04fc19aa70978ec3c5d32a18dde3190.jpg
a09a06081a1f4f59470b3d15b79016c1.jpg
ac5243447f4b91c3534cfdc98208a071.jpg
ada4c79c74c1ee9e00221c102abfee3e.jpg
aeecf37c55b0446fb1658724e8af6cd2.jpg
af6036181c66cb07df1a266d0248ea22.jpg
b7cd61fc263ce583e4d3da52ba778468.jpg
baab06be01e00f9aaa17ddb9d9743500.jpg
bb2afd1144cd459ee2b0ff3f1afe7a29.jpg
c2c5318479d92261891db985e6e4bc70.jpg
c7f2fffac0e22953cb5f8c8f2945cc72.jpg
c96b105a199cfae38d97f4a1b8dad813.jpg
cae8b6c7e362653af1ae28ceaf125e49.jpg
cc668fd22bc1501bce55f9110591a4be.jpg
cd0478cd38620002ba81205f1a6d9b92.jpg
d484006ca04e4300e234835005addd4d.jpg
f418aaf466ab3ab43057ad7b9c19333c.jpg
